{
  "name": "suggestlyg4plus",
  "description": "Enhanced Quantum AI Platform with Advanced Features",
  "repository": "tyronemitchell123-group/extracted",
  "keywords": [
    "python",
    "fastapi",
    "ai",
    "quantum",
    "enhanced"
  ],
  "env": {
    "PYTHON_VERSION": "3.11.0",
    "ENHANCED_MODE": "true",
    "QUANTUM_FORCE": "true",
    "AI_OPTIMIZATION": "true"
  },
  "formation": {
    "web": {
      "quantity": 1,
      "size": "basic"
    },
    "worker": {
      "quantity": 1,
      "size": "basic"
    }
  },
  "addons": [
    "heroku-postgresql:mini",
    "heroku-redis:mini"
  ],
  "buildpacks": [
    {
      "url": "heroku/python"
    }
  ],
  "environments": {
    "test": {
      "scripts": {
        "test": "python -m pytest"
      }
    }
  }
}