{
  "version": 2,
  "builds": [
    {
      "src": "package.json",
      "use": "@vercel/static-build",
      "config": {
        "distDir": "build",
        "installCommand": "npm ci --legacy-peer-deps",
        "buildCommand": "npm run build:simple"
      }
    }
  ],
  "rewrites": [
    {
      "source": "/admin/(.*)",
      "destination": "/index.html"
    },
    {
      "source": "/(.*)",
      "destination": "/index.html"
    }
  ],
  "redirects": [
    {
      "source": "/www/(.*)",
      "destination": "/$1",
      "permanent": true
    }
  ],
  "headers": [
    {
      "source": "/(.*)",
      "headers": [
        {
          "key": "Cache-Control",
          "value": "public, max-age=31536000, immutable"
        },
        {
          "key": "X-Content-Type-Options",
          "value": "nosniff"
        },
        {
          "key": "X-Frame-Options",
          "value": "DENY"
        },
        {
          "key": "X-XSS-Protection",
          "value": "1; mode=block"
        },
        {
          "key": "Strict-Transport-Security",
          "value": "max-age=31536000; includeSubDomains"
        },
        {
          "key": "Referrer-Policy",
          "value": "strict-origin-when-cross-origin"
        },
        {
          "key": "X-Robots-Tag",
          "value": "index, follow"
        },
        {
          "key": "Permissions-Policy",
          "value": "camera=(), microphone=(), geolocation=()"
        },
        {
          "key": "Content-Security-Policy",
          "value": "default-src 'self'; script-src 'self' 'unsafe-inline' https://www.googletagmanager.com https://js.stripe.com; style-src 'self' 'unsafe-inline' https://fonts.googleapis.com https://cdnjs.cloudflare.com; font-src 'self' https://fonts.gstatic.com; img-src 'self' data: https:; connect-src 'self' https://www.google-analytics.com;"
        }
      ]
    },
    {
      "source": "/manifest.json",
      "headers": [
        {
          "key": "Content-Type",
          "value": "application/manifest+json"
        },
        {
          "key": "Cache-Control",
          "value": "public, max-age=3600"
        }
      ]
    },
    {
      "source": "/sw.js",
      "headers": [
        {
          "key": "Content-Type",
          "value": "application/javascript"
        },
        {
          "key": "Cache-Control",
          "value": "public, max-age=3600"
        }
      ]
    }
  ],
  "env": {
    "CI": "false"
  }
}
