{
  "version": 2,
  "name": "suggestlyg4plus",
  "builds": [
    {
      "src": "index.html",
      "use": "@vercel/static"
    }
  ],
  "routes": [
    {
      "src": "/(.*)",
      "dest": "/index.html"
    }
  ],
  "headers": [
    {
      "source": "/(.*)",
      "headers": [
        {
          "key": "X-Content-Type-Options",
          "value": "nosniff"
        },
        {
          "key": "X-Frame-Options",
          "value": "DENY"
        },
        {
          "key": "X-XSS-Protection",
          "value": "1; mode=block"
        },
        {
          "key": "Referrer-Policy",
          "value": "strict-origin-when-cross-origin"
        },
        {
          "key": "Permissions-Policy",
          "value": "camera=(), microphone=(), geolocation=()"
        },
        {
          "key": "Strict-Transport-Security",
          "value": "max-age=31536000; includeSubDomains"
        },
        {
          "key": "Cache-Control",
          "value": "public, max-age=3600, s-maxage=86400"
        }
      ]
    },
    {
      "source": "/index.html",
      "headers": [
        {
          "key": "Cache-Control",
          "value": "public, max-age=0, must-revalidate"
        }
      ]
    }
  ],
  "functions": {},
  "env": {
    "NODE_ENV": "production"
  },
  "regions": ["iad1"],
  "public": true
}
