{
  "name": "suggestlyg4plus",
  "description": "Enhanced Quantum AI Platform with Advanced Features",
  "repository": "tyronemitchell123-group/extracted",
  "auto_deploy": true,
  "environment": {
    "PYTHON_VERSION": "3.11",
    "PORT": "8000",
    "ENHANCED_MODE": "true",
    "QUANTUM_FORCE": "true",
    "AI_OPTIMIZATION": "true"
  },
  "build_command": "pip install -r requirements.txt && python -m pip install --upgrade pip",
  "start_command": "python src/main_ultra_secure.py",
  "health_check": {
    "path": "/health",
    "interval": 30,
    "timeout": 10,
    "retries": 3
  },
  "scaling": {
    "min_instances": 1,
    "max_instances": 10,
    "auto_scaling": true
  }
}