{
  "enhanced_deployment_guide": {
    "title": "Enhanced Deployment Guide",
    "version": "2.0",
    "enhancement_level": "MAXIMUM_ENHANCED",
    "platforms": [
      {
        "name": "Railway",
        "config_file": "enhanced_railway.json",
        "deployment_url": "https://railway.app/new",
        "features": [
          "Auto-scaling",
          "Health checks",
          "Enhanced monitoring"
        ]
      },
      {
        "name": "Render",
        "config_file": "enhanced_render.yaml",
        "deployment_url": "https://render.com/new",
        "features": [
          "Auto-scaling",
          "Health checks",
          "Enhanced monitoring"
        ]
      },
      {
        "name": "Netlify",
        "config_file": "enhanced_netlify.toml",
        "deployment_url": "https://app.netlify.com/start",
        "features": [
          "Enhanced security",
          "Functions",
          "Edge computing"
        ]
      },
      {
        "name": "Heroku",
        "config_file": "enhanced_app.json",
        "deployment_url": "https://dashboard.heroku.com/new",
        "features": [
          "Auto-scaling",
          "Add-ons",
          "Enhanced monitoring"
        ]
      },
      {
        "name": "Vercel",
        "config_file": "enhanced_vercel.json",
        "deployment_url": "https://vercel.com/new",
        "features": [
          "Edge functions",
          "Global CDN",
          "Enhanced optimization"
        ]
      }
    ]
  }
}