{
  "name": "suggestlyg4plus",
  "version": 2,
  "enhanced": true,
  "quantum_force": true,
  "ai_optimization": true,
  "builds": [
    {
      "src": "src/main_ultra_secure.py",
      "use": "@vercel/python"
    }
  ],
  "routes": [
    {
      "src": "/(.*)",
      "dest": "src/main_ultra_secure.py"
    }
  ],
  "functions": {
    "src/main_ultra_secure.py": {
      "maxDuration": 30,
      "memory": 1024
    }
  },
  "domains": [
    "suggestlyg4plus.io",
    "www.suggestlyg4plus.io"
  ],
  "regions": [
    "iad1",
    "sfo1",
    "hnd1"
  ],
  "public": true,
  "enhanced_optimization": true,
  "headers": [
    {
      "source": "/(.*)",
      "headers": [
        {
          "key": "X-Frame-Options",
          "value": "DENY"
        },
        {
          "key": "X-XSS-Protection",
          "value": "1; mode=block"
        },
        {
          "key": "X-Content-Type-Options",
          "value": "nosniff"
        },
        {
          "key": "Strict-Transport-Security",
          "value": "max-age=31536000; includeSubDomains"
        }
      ]
    }
  ]
}